{"name": "ibmq_guadalupe", "version": "1.3.23", "num_qubits": 16, "basis_gates": ["id", "rz", "sx", "x", "cx", "reset"], "T1": {"0": 6.212843625862184e-05, "1": 0.0001652607304830149, "2": 5.566161259877782e-05, "3": 8.756239261372322e-05, "4": 9.03970782506141e-05, "5": 0.00012954523694486472, "6": 0.00010061809824271235, "7": 0.00011110526053763858, "8": 0.00010038669382204173, "9": 7.244888240580712e-05, "10": 0.00010501286576650093, "11": 9.852993504916081e-05, "12": 0.00011773275137085623, "13": 7.77125429666385e-05, "14": 8.207453160202675e-05, "15": 9.923368105535556e-05}, "T2": {"0": 0.0001555584775136594, "1": 0.0001516348362913699, "2": 8.415749866028037e-05, "3": 0.00012796815797860292, "4": 0.00012132140147525243, "5": 0.00010874556602877243, "6": 1.4736693711762514e-05, "7": 0.00014239536041359596, "8": 9.750922544399319e-05, "9": 9.146817095373393e-05, "10": 0.00012195744289191417, "11": 0.00012081056902142991, "12": 0.0001457971542566657, "13": 9.918971151513505e-05, "14": 9.134374424306406e-05, "15": 0.0001319698129127237}, "freq": {"0": 5113532372.972932, "1": 5160765561.24675, "2": 5310529506.554523, "3": 5469539058.284673, "4": 5353454145.032263, "5": 5303318116.070845, "6": 5136457475.897463, "7": 5202793584.987269, "8": 5174544071.7612915, "9": 5253716274.04387, "10": 5426817473.771918, "11": 5389830000.054141, "12": 5263720202.335335, "13": 5037993740.993286, "14": 5204995973.864214, "15": 5126306920.914595}, "readout_length": {"0": 5.35111111111111e-06, "1": 5.35111111111111e-06, "2": 5.35111111111111e-06, "3": 5.35111111111111e-06, "4": 5.35111111111111e-06, "5": 5.35111111111111e-06, "6": 5.35111111111111e-06, "7": 5.35111111111111e-06, "8": 5.35111111111111e-06, "9": 5.35111111111111e-06, "10": 5.35111111111111e-06, "11": 5.35111111111111e-06, "12": 5.35111111111111e-06, "13": 5.35111111111111e-06, "14": 5.35111111111111e-06, "15": 5.35111111111111e-06}, "prob_meas0_prep1": {"0": 0.018000000000000016, "1": 0.0494, "2": 0.0472, "3": 0.0318, "4": 0.0168, "5": 0.026, "6": 0.037799999999999945, "7": 0.0156, "8": 0.0266, "9": 0.0244, "10": 0.02180000000000004, "11": 0.0324, "12": 0.024399999999999977, "13": 0.02980000000000005, "14": 0.0242, "15": 0.02739999999999998}, "prob_meas1_prep0": {"0": 0.0038, "1": 0.0066, "2": 0.007199999999999984, "3": 0.0038000000000000256, "4": 0.0028000000000000247, "5": 0.00539999999999996, "6": 0.003, "7": 0.007800000000000029, "8": 0.012199999999999989, "9": 0.0050000000000000044, "10": 0.0062, "11": 0.012399999999999967, "12": 0.0084, "13": 0.0022, "14": 0.0038000000000000256, "15": 0.0044}, "gate_lens": {"id0": 3.555555555555556e-08, "id1": 3.555555555555556e-08, "id2": 3.555555555555556e-08, "id3": 3.555555555555556e-08, "id4": 3.555555555555556e-08, "id5": 3.555555555555556e-08, "id6": 3.555555555555556e-08, "id7": 3.555555555555556e-08, "id8": 3.555555555555556e-08, "id9": 3.555555555555556e-08, "id10": 3.555555555555556e-08, "id11": 3.555555555555556e-08, "id12": 3.555555555555556e-08, "id13": 3.555555555555556e-08, "id14": 3.555555555555556e-08, "id15": 3.555555555555556e-08, "rz0": 0.0, "rz1": 0.0, "rz2": 0.0, "rz3": 0.0, "rz4": 0.0, "rz5": 0.0, "rz6": 0.0, "rz7": 0.0, "rz8": 0.0, "rz9": 0.0, "rz10": 0.0, "rz11": 0.0, "rz12": 0.0, "rz13": 0.0, "rz14": 0.0, "rz15": 0.0, "sx0": 3.555555555555556e-08, "sx1": 3.555555555555556e-08, "sx2": 3.555555555555556e-08, "sx3": 3.555555555555556e-08, "sx4": 3.555555555555556e-08, "sx5": 3.555555555555556e-08, "sx6": 3.555555555555556e-08, "sx7": 3.555555555555556e-08, "sx8": 3.555555555555556e-08, "sx9": 3.555555555555556e-08, "sx10": 3.555555555555556e-08, "sx11": 3.555555555555556e-08, "sx12": 3.555555555555556e-08, "sx13": 3.555555555555556e-08, "sx14": 3.555555555555556e-08, "sx15": 3.555555555555556e-08, "x0": 3.555555555555556e-08, "x1": 3.555555555555556e-08, "x2": 3.555555555555556e-08, "x3": 3.555555555555556e-08, "x4": 3.555555555555556e-08, "x5": 3.555555555555556e-08, "x6": 3.555555555555556e-08, "x7": 3.555555555555556e-08, "x8": 3.555555555555556e-08, "x9": 3.555555555555556e-08, "x10": 3.555555555555556e-08, "x11": 3.555555555555556e-08, "x12": 3.555555555555556e-08, "x13": 3.555555555555556e-08, "x14": 3.555555555555556e-08, "x15": 3.555555555555556e-08, "cx12_15": 3.768888888888889e-07, "cx15_12": 4.124444444444444e-07, "cx12_10": 7.395555555555556e-07, "cx10_12": 7.751111111111111e-07, "cx7_4": 4.764444444444444e-07, "cx4_7": 5.12e-07, "cx8_9": 4.124444444444444e-07, "cx9_8": 4.4800000000000004e-07, "cx14_13": 3.6266666666666663e-07, "cx13_14": 3.982222222222222e-07, "cx2_3": 4.835555555555556e-07, "cx3_2": 5.191111111111111e-07, "cx5_3": 5.475555555555556e-07, "cx3_5": 5.831111111111111e-07, "cx12_13": 3.484444444444444e-07, "cx13_12": 3.8400000000000005e-07, "cx0_1": 3.3422222222222227e-07, "cx1_0": 3.697777777777778e-07, "cx11_8": 3.128888888888889e-07, "cx8_11": 3.484444444444444e-07, "cx7_6": 3.697777777777778e-07, "cx6_7": 4.0533333333333336e-07, "cx11_14": 3.484444444444444e-07, "cx14_11": 3.8400000000000005e-07, "cx5_8": 2.702222222222222e-07, "cx8_5": 3.057777777777778e-07, "cx10_7": 2.631111111111111e-07, "cx7_10": 2.9866666666666664e-07, "cx4_1": 2.631111111111111e-07, "cx1_4": 2.9866666666666664e-07, "cx2_1": 4.6933333333333335e-07, "cx1_2": 5.048888888888889e-07, "reset0": 7.342222222222222e-06, "reset1": 7.342222222222222e-06, "reset2": 7.342222222222222e-06, "reset3": 7.342222222222222e-06, "reset4": 7.342222222222222e-06, "reset5": 7.342222222222222e-06, "reset6": 7.342222222222222e-06, "reset7": 7.342222222222222e-06, "reset8": 7.342222222222222e-06, "reset9": 7.342222222222222e-06, "reset10": 7.342222222222222e-06, "reset11": 7.342222222222222e-06, "reset12": 7.352888888888889e-06, "reset13": 7.352888888888889e-06, "reset14": 7.342222222222222e-06, "reset15": 7.342222222222222e-06}, "gate_errs": {"id0": 0.0003437176620003064, "id1": 0.0005482393588860578, "id2": 0.0006383282197438845, "id3": 0.00041113399911818526, "id4": 0.00023778034930521, "id5": 0.0003316386577018584, "id6": 0.0005216649802816649, "id7": 0.0002678227932282844, "id8": 0.00029693285107202034, "id9": 0.0003333909700107037, "id10": 0.00021665055099297234, "id11": 0.0004303282629349466, "id12": 0.00034329031113150977, "id13": 0.0003617700258331112, "id14": 0.0002516466722713191, "id15": 0.00028009649284533716, "rz0": 0, "rz1": 0, "rz2": 0, "rz3": 0, "rz4": 0, "rz5": 0, "rz6": 0, "rz7": 0, "rz8": 0, "rz9": 0, "rz10": 0, "rz11": 0, "rz12": 0, "rz13": 0, "rz14": 0, "rz15": 0, "sx0": 0.0003437176620003064, "sx1": 0.0005482393588860578, "sx2": 0.0006383282197438845, "sx3": 0.00041113399911818526, "sx4": 0.00023778034930521, "sx5": 0.0003316386577018584, "sx6": 0.0005216649802816649, "sx7": 0.0002678227932282844, "sx8": 0.00029693285107202034, "sx9": 0.0003333909700107037, "sx10": 0.00021665055099297234, "sx11": 0.0004303282629349466, "sx12": 0.00034329031113150977, "sx13": 0.0003617700258331112, "sx14": 0.0002516466722713191, "sx15": 0.00028009649284533716, "x0": 0.0003437176620003064, "x1": 0.0005482393588860578, "x2": 0.0006383282197438845, "x3": 0.00041113399911818526, "x4": 0.00023778034930521, "x5": 0.0003316386577018584, "x6": 0.0005216649802816649, "x7": 0.0002678227932282844, "x8": 0.00029693285107202034, "x9": 0.0003333909700107037, "x10": 0.00021665055099297234, "x11": 0.0004303282629349466, "x12": 0.00034329031113150977, "x13": 0.0003617700258331112, "x14": 0.0002516466722713191, "x15": 0.00028009649284533716, "cx12_15": 0.007335894417628386, "cx15_12": 0.007335894417628386, "cx12_10": 0.014844172193334976, "cx10_12": 0.014844172193334976, "cx7_4": 0.011276302707419195, "cx4_7": 0.011276302707419195, "cx8_9": 0.009091118402216103, "cx9_8": 0.009091118402216103, "cx14_13": 0.008302227938318751, "cx13_14": 0.008302227938318751, "cx2_3": 0.01416626635097476, "cx3_2": 0.01416626635097476, "cx5_3": 0.01033528587002669, "cx3_5": 0.01033528587002669, "cx12_13": 0.007078914206304215, "cx13_12": 0.007078914206304215, "cx0_1": 0.009566442654897894,